insert into public.vocabulary (
  id,
  french_word,
  english_meaning,
  french_example,
  english_example_translation,
  cefr_level,
  topic,
  exam_type,
  frequency_score,
  tags,
  is_published
)
values
  ('71000000-0000-4000-8000-000000000001', 'pourtant', 'however / yet', 'Il voulait partir tot, pourtant il est arrive en retard.', 'He wanted to leave early, yet he arrived late.', 'B1', 'OPINION', 'BOTH', 96, array['connector','contrast'], true),
  ('71000000-0000-4000-8000-000000000002', 'cependant', 'however', 'Le quartier est calme. Cependant, il est assez eloigne du centre.', 'The neighborhood is quiet. However, it is rather far from downtown.', 'B1', 'HOUSING', 'BOTH', 95, array['connector','contrast'], true),
  ('71000000-0000-4000-8000-000000000003', 'toutefois', 'nevertheless', 'Le poste est interessant; toutefois, le salaire reste modeste.', 'The job is interesting; nevertheless, the salary remains modest.', 'B2', 'WORK', 'BOTH', 92, array['connector','formal'], true),
  ('71000000-0000-4000-8000-000000000004', 'en revanche', 'on the other hand', 'Le loyer est eleve. En revanche, les charges sont incluses.', 'The rent is high. On the other hand, utilities are included.', 'B1_PLUS', 'HOUSING', 'BOTH', 91, array['connector','contrast'], true),
  ('71000000-0000-4000-8000-000000000005', 'd abord', 'first of all', 'D abord, il faut verifier les documents demandes.', 'First of all, you need to check the requested documents.', 'A2', 'ADMINISTRATION', 'BOTH', 89, array['connector','sequence'], true),
  ('71000000-0000-4000-8000-000000000006', 'ensuite', 'next', 'Ensuite, vous pourrez prendre rendez-vous en ligne.', 'Next, you will be able to book an appointment online.', 'A2', 'ADMINISTRATION', 'BOTH', 88, array['connector','sequence'], true),
  ('71000000-0000-4000-8000-000000000007', 'enfin', 'finally', 'Enfin, il faudra confirmer votre presence par courriel.', 'Finally, you will need to confirm your attendance by email.', 'A2', 'EDUCATION', 'BOTH', 88, array['connector','sequence'], true),
  ('71000000-0000-4000-8000-000000000008', 'puisque', 'since / because', 'Puisque vous avez deja un contrat, la banque accepte le dossier.', 'Since you already have a contract, the bank accepts the file.', 'B1', 'WORK', 'BOTH', 84, array['connector','cause'], true),
  ('71000000-0000-4000-8000-000000000009', 'donc', 'therefore', 'Le delai est court, donc nous devons agir vite.', 'The deadline is short, therefore we must act quickly.', 'A2', 'WORK', 'BOTH', 93, array['connector','logic'], true),
  ('71000000-0000-4000-8000-000000000010', 'ainsi', 'thus', 'Ainsi, les nouveaux arrivants gagnent du temps.', 'Thus, newcomers save time.', 'B1', 'IMMIGRATION', 'BOTH', 82, array['connector','logic'], true),
  ('71000000-0000-4000-8000-000000000011', 'en effet', 'indeed', 'En effet, la clinique ouvre aussi le samedi.', 'Indeed, the clinic also opens on Saturdays.', 'B1', 'HEALTH', 'BOTH', 80, array['connector','logic'], true),
  ('71000000-0000-4000-8000-000000000012', 'par ailleurs', 'moreover', 'Par ailleurs, le quartier est bien desservi par le bus.', 'Moreover, the neighborhood is well served by bus.', 'B2', 'HOUSING', 'TEF_CANADA', 79, array['connector','formal'], true),
  ('71000000-0000-4000-8000-000000000013', 'de plus', 'in addition', 'De plus, cette formation inclut un stage pratique.', 'In addition, this training includes a practical placement.', 'B1', 'EDUCATION', 'BOTH', 87, array['connector','addition'], true),
  ('71000000-0000-4000-8000-000000000014', 'en outre', 'furthermore', 'En outre, les frais de dossier sont remboursables.', 'Furthermore, the application fees are refundable.', 'B2', 'ADMINISTRATION', 'TCF_CANADA', 76, array['connector','formal'], true),
  ('71000000-0000-4000-8000-000000000015', 'au contraire', 'on the contrary', 'Il ne veut pas demissionner; au contraire, il demande plus de responsabilites.', 'He does not want to resign; on the contrary, he is asking for more responsibility.', 'B1_PLUS', 'WORK', 'BOTH', 75, array['connector','contrast'], true),
  ('71000000-0000-4000-8000-000000000016', 'par consequent', 'consequently', 'Le dossier est incomplet; par consequent, la decision sera retardee.', 'The file is incomplete; consequently, the decision will be delayed.', 'B2', 'ADMINISTRATION', 'BOTH', 78, array['connector','logic'], true),
  ('71000000-0000-4000-8000-000000000017', 'grace a', 'thanks to', 'Grace a son niveau de francais, elle a trouve un emploi rapidement.', 'Thanks to her level of French, she found a job quickly.', 'B1', 'IMMIGRATION', 'BOTH', 86, array['connector','cause'], true),
  ('71000000-0000-4000-8000-000000000018', 'afin de', 'in order to', 'Afin de gagner du temps, il faut preparer les copies a l avance.', 'In order to save time, you should prepare copies in advance.', 'B1_PLUS', 'ADMINISTRATION', 'BOTH', 79, array['connector','purpose'], true),
  ('71000000-0000-4000-8000-000000000019', 'de sorte que', 'so that', 'Elle parle lentement de sorte que tout le monde puisse comprendre.', 'She speaks slowly so that everyone can understand.', 'B2', 'EDUCATION', 'BOTH', 73, array['connector','purpose'], true),
  ('71000000-0000-4000-8000-000000000020', 'alors que', 'whereas / while', 'Il prefere le centre-ville alors que sa soeur aime la banlieue.', 'He prefers downtown whereas his sister likes the suburbs.', 'B1', 'HOUSING', 'BOTH', 80, array['connector','contrast'], true),
  ('71000000-0000-4000-8000-000000000021', 'tandis que', 'while', 'Certains economisent, tandis que d autres investissent tout de suite.', 'Some save money while others invest immediately.', 'B2', 'OPINION', 'BOTH', 72, array['connector','contrast'], true),
  ('71000000-0000-4000-8000-000000000022', 'bien que', 'although', 'Bien que le trajet soit long, il reste supportable en metro.', 'Although the commute is long, it remains manageable by metro.', 'B2', 'DAILY_LIFE', 'BOTH', 74, array['connector','contrast'], true),
  ('71000000-0000-4000-8000-000000000023', 'meme si', 'even if', 'Meme si le test est difficile, il faut rester calme.', 'Even if the test is difficult, you must stay calm.', 'B1', 'EDUCATION', 'BOTH', 85, array['connector','contrast'], true),
  ('71000000-0000-4000-8000-000000000024', 'quant a', 'as for', 'Quant a la partie orale, elle demande beaucoup de pratique.', 'As for the oral section, it requires a lot of practice.', 'B2', 'EDUCATION', 'TCF_CANADA', 71, array['connector','topic-shift'], true),
  ('71000000-0000-4000-8000-000000000025', 'en somme', 'in short', 'En somme, il vaut mieux commencer les revisions des maintenant.', 'In short, it is better to start revision right away.', 'B1_PLUS', 'OPINION', 'BOTH', 77, array['connector','summary'], true),
  ('71000000-0000-4000-8000-000000000026', 'pas du tout', 'not at all', 'Je ne suis pas du tout fatigue apres cet exercice.', 'I am not tired at all after this exercise.', 'B1', 'DAILY_LIFE', 'BOTH', 83, array['listening-trap','negation'], true),
  ('71000000-0000-4000-8000-000000000027', 'jamais', 'never', 'Il n oublie jamais son rendez-vous medical.', 'He never forgets his medical appointment.', 'A2', 'HEALTH', 'BOTH', 82, array['listening-trap','negation'], true),
  ('71000000-0000-4000-8000-000000000028', 'plus', 'no longer / more', 'Elle ne prend plus le bus depuis son demenagement.', 'She no longer takes the bus since moving.', 'B1', 'DAILY_LIFE', 'BOTH', 81, array['listening-trap','negation'], true),
  ('71000000-0000-4000-8000-000000000029', 'seulement', 'only', 'Il reste seulement deux places pour l atelier.', 'There are only two places left for the workshop.', 'A2', 'EDUCATION', 'BOTH', 79, array['listening-trap','quantity'], true),
  ('71000000-0000-4000-8000-000000000030', 'deja', 'already', 'Le formulaire est deja signe par le proprietaire.', 'The form is already signed by the landlord.', 'A2', 'HOUSING', 'BOTH', 80, array['listening-trap','time'], true),
  ('71000000-0000-4000-8000-000000000031', 'a peine', 'barely', 'Il a a peine eu le temps de finir son entretien.', 'He barely had time to finish his interview.', 'B2', 'WORK', 'BOTH', 68, array['listening-trap','quantity'], true),
  ('71000000-0000-4000-8000-000000000032', 'ni l un ni l autre', 'neither one nor the other', 'Ni l un ni l autre ne convient a notre budget.', 'Neither one nor the other suits our budget.', 'B2', 'HOUSING', 'BOTH', 69, array['listening-trap','double-negative'], true),
  ('71000000-0000-4000-8000-000000000033', 'soit', 'either', 'Soit vous payez maintenant, soit vous revenez demain.', 'Either you pay now or you come back tomorrow.', 'B1', 'ADMINISTRATION', 'BOTH', 66, array['listening-trap','choice'], true),
  ('71000000-0000-4000-8000-000000000034', 'au moins', 'at least', 'Il faut au moins trois mois d experience.', 'You need at least three months of experience.', 'A2', 'WORK', 'BOTH', 76, array['listening-trap','quantity'], true),
  ('71000000-0000-4000-8000-000000000035', 'environ', 'approximately', 'Le trajet dure environ quarante minutes.', 'The trip takes approximately forty minutes.', 'A2', 'DAILY_LIFE', 'BOTH', 78, array['listening-trap','number'], true),
  ('71000000-0000-4000-8000-000000000036', 'presque', 'almost', 'Elle a presque termine sa lettre de motivation.', 'She has almost finished her cover letter.', 'A2', 'WORK', 'BOTH', 75, array['listening-trap','quantity'], true),
  ('71000000-0000-4000-8000-000000000037', 'finalement', 'finally / in the end', 'Finalement, la reunion aura lieu jeudi matin.', 'In the end, the meeting will take place Thursday morning.', 'B1', 'WORK', 'BOTH', 74, array['listening-trap','time'], true),
  ('71000000-0000-4000-8000-000000000038', 'en fait', 'actually', 'En fait, le service est gratuit pour les nouveaux arrivants.', 'Actually, the service is free for newcomers.', 'B1', 'IMMIGRATION', 'BOTH', 73, array['listening-trap','correction'], true),
  ('71000000-0000-4000-8000-000000000039', 'en retard', 'late', 'Le train arrive rarement en retard le matin.', 'The train rarely arrives late in the morning.', 'A2', 'DAILY_LIFE', 'BOTH', 70, array['listening-trap','time'], true),
  ('71000000-0000-4000-8000-000000000040', 'tot', 'early', 'Le bureau ferme plus tot le vendredi.', 'The office closes earlier on Fridays.', 'A2', 'WORK', 'BOTH', 72, array['listening-trap','time'], true),
  ('71000000-0000-4000-8000-000000000041', 'tard', 'late', 'Le candidat a rappelle trop tard pour confirmer.', 'The candidate called back too late to confirm.', 'A2', 'WORK', 'BOTH', 71, array['listening-trap','time'], true),
  ('71000000-0000-4000-8000-000000000042', 'midi et demi', '12:30', 'Le medecin peut vous recevoir a midi et demi.', 'The doctor can see you at 12:30.', 'A2', 'HEALTH', 'BOTH', 67, array['listening-trap','number','time'], true),
  ('71000000-0000-4000-8000-000000000043', 'moins le quart', 'quarter to', 'Le cours commence a huit heures moins le quart.', 'The class starts at quarter to eight.', 'B1', 'EDUCATION', 'BOTH', 66, array['listening-trap','number','time'], true),
  ('71000000-0000-4000-8000-000000000044', 'une dizaine', 'about ten', 'Une dizaine de dossiers ont ete refuses.', 'About ten files were rejected.', 'B1', 'ADMINISTRATION', 'BOTH', 64, array['listening-trap','number'], true),
  ('71000000-0000-4000-8000-000000000045', 'une centaine', 'about one hundred', 'Une centaine de candidats ont participe au salon.', 'About one hundred candidates attended the fair.', 'B1', 'WORK', 'BOTH', 64, array['listening-trap','number'], true),
  ('71000000-0000-4000-8000-000000000046', 'bientot', 'soon', 'Le resultat sera disponible bientot en ligne.', 'The result will be available online soon.', 'A2', 'EDUCATION', 'BOTH', 74, array['listening-trap','time'], true),
  ('71000000-0000-4000-8000-000000000047', 'autrefois', 'formerly', 'Autrefois, ce service etait uniquement en personne.', 'Formerly, this service was only in person.', 'B2', 'ADMINISTRATION', 'TCF_CANADA', 61, array['listening-trap','time'], true),
  ('71000000-0000-4000-8000-000000000048', 'actuellement', 'currently', 'Actuellement, je travaille dans une petite equipe.', 'Currently, I work in a small team.', 'B1', 'WORK', 'BOTH', 77, array['listening-trap','false-friend'], true),
  ('71000000-0000-4000-8000-000000000049', 'eventuellement', 'possibly', 'Nous pourrions eventuellement reporter la visite.', 'We could possibly postpone the visit.', 'B2', 'HOUSING', 'BOTH', 70, array['listening-trap','false-friend'], true),
  ('71000000-0000-4000-8000-000000000050', 'sinon', 'otherwise / else', 'Apportez votre carte, sinon le dossier restera incomplet.', 'Bring your card, otherwise the file will remain incomplete.', 'B1', 'ADMINISTRATION', 'BOTH', 75, array['listening-trap','logic'], true),
  ('71000000-0000-4000-8000-000000000051', 'dossier', 'application file', 'Votre dossier sera etudie dans un delai de deux semaines.', 'Your application file will be reviewed within two weeks.', 'A2', 'ADMINISTRATION', 'BOTH', 94, array['immigration','admin'], true),
  ('71000000-0000-4000-8000-000000000052', 'demarche', 'procedure / process', 'Cette demarche peut se faire entierement en ligne.', 'This procedure can be completed entirely online.', 'B1', 'ADMINISTRATION', 'BOTH', 92, array['immigration','formal'], true),
  ('71000000-0000-4000-8000-000000000053', 'loyer', 'rent', 'Le loyer comprend le chauffage mais pas l electricite.', 'The rent includes heating but not electricity.', 'A2', 'HOUSING', 'BOTH', 93, array['housing','daily-life'], true),
  ('71000000-0000-4000-8000-000000000054', 'caution', 'security deposit', 'La caution sera remboursee a la fin du bail.', 'The security deposit will be refunded at the end of the lease.', 'B1', 'HOUSING', 'BOTH', 88, array['housing','finance'], true),
  ('71000000-0000-4000-8000-000000000055', 'bail', 'lease', 'Avant de signer le bail, relisez chaque condition.', 'Before signing the lease, reread every condition.', 'B1', 'HOUSING', 'BOTH', 87, array['housing','formal'], true),
  ('71000000-0000-4000-8000-000000000056', 'facture', 'bill / invoice', 'Gardez la facture comme preuve de paiement.', 'Keep the invoice as proof of payment.', 'A2', 'ADMINISTRATION', 'BOTH', 86, array['admin','finance'], true),
  ('71000000-0000-4000-8000-000000000057', 'rendez-vous', 'appointment', 'Le rendez-vous a ete confirme pour mardi matin.', 'The appointment was confirmed for Tuesday morning.', 'A2', 'HEALTH', 'BOTH', 95, array['health','daily-life'], true),
  ('71000000-0000-4000-8000-000000000058', 'delai', 'deadline / delay', 'Le delai pour repondre est de cinq jours ouvrables.', 'The deadline to reply is five business days.', 'B1', 'ADMINISTRATION', 'BOTH', 85, array['admin','formal'], true),
  ('71000000-0000-4000-8000-000000000059', 'embauche', 'hiring', 'L entreprise prevoit une embauche au debut de l ete.', 'The company plans a hire at the beginning of summer.', 'B1', 'WORK', 'BOTH', 82, array['work','career'], true),
  ('71000000-0000-4000-8000-000000000060', 'entretien', 'interview', 'Il prepare des exemples concrets pour son entretien.', 'He is preparing concrete examples for his interview.', 'A2', 'WORK', 'BOTH', 90, array['work','career'], true),
  ('71000000-0000-4000-8000-000000000061', 'poste', 'position / role', 'Ce poste demande une bonne autonomie.', 'This position requires strong autonomy.', 'A2', 'WORK', 'BOTH', 84, array['work','career'], true),
  ('71000000-0000-4000-8000-000000000062', 'horaire', 'schedule', 'L horaire change selon la saison.', 'The schedule changes depending on the season.', 'A2', 'WORK', 'BOTH', 83, array['work','daily-life'], true),
  ('71000000-0000-4000-8000-000000000063', 'paie', 'pay', 'La paie sera versee vendredi prochain.', 'The pay will be deposited next Friday.', 'A2', 'WORK', 'BOTH', 81, array['work','finance'], true),
  ('71000000-0000-4000-8000-000000000064', 'assurance', 'insurance', 'Cette assurance couvre les soins d urgence.', 'This insurance covers emergency care.', 'A2', 'HEALTH', 'BOTH', 88, array['health','finance'], true),
  ('71000000-0000-4000-8000-000000000065', 'ordonnance', 'prescription', 'Le pharmacien a besoin de l ordonnance originale.', 'The pharmacist needs the original prescription.', 'B1', 'HEALTH', 'BOTH', 79, array['health','formal'], true),
  ('71000000-0000-4000-8000-000000000066', 'mutuelle', 'supplementary health plan', 'Sa mutuelle rembourse une partie des lunettes.', 'Her supplementary health plan reimburses part of the glasses cost.', 'B2', 'HEALTH', 'TCF_CANADA', 68, array['health','formal'], true),
  ('71000000-0000-4000-8000-000000000067', 'garderie', 'daycare', 'La garderie municipale ouvre a sept heures trente.', 'The municipal daycare opens at 7:30.', 'A2', 'DAILY_LIFE', 'BOTH', 78, array['family','daily-life'], true),
  ('71000000-0000-4000-8000-000000000068', 'bourse', 'scholarship', 'Elle a obtenu une bourse pour poursuivre ses etudes.', 'She obtained a scholarship to continue her studies.', 'B1', 'EDUCATION', 'BOTH', 77, array['education','finance'], true),
  ('71000000-0000-4000-8000-000000000069', 'inscription', 'registration', 'L inscription doit etre finalisee avant le 15 juin.', 'Registration must be completed before June 15.', 'A2', 'EDUCATION', 'BOTH', 87, array['education','admin'], true),
  ('71000000-0000-4000-8000-000000000070', 'preuve', 'proof', 'Une preuve d adresse recente est demandee.', 'Recent proof of address is required.', 'A2', 'ADMINISTRATION', 'BOTH', 86, array['admin','immigration'], true),
  ('71000000-0000-4000-8000-000000000071', 'quittance', 'rent receipt', 'La quittance de loyer peut servir de justificatif.', 'The rent receipt can be used as supporting evidence.', 'B1_PLUS', 'HOUSING', 'BOTH', 72, array['housing','admin'], true),
  ('71000000-0000-4000-8000-000000000072', 'voisinage', 'neighborhood / neighbors', 'Le voisinage est calme apres vingt-deux heures.', 'The neighborhood is quiet after 10 p.m.', 'A2', 'HOUSING', 'BOTH', 75, array['housing','daily-life'], true),
  ('71000000-0000-4000-8000-000000000073', 'transport', 'transportation', 'Le transport en commun reste fiable pendant l hiver.', 'Public transportation remains reliable during winter.', 'A2', 'DAILY_LIFE', 'BOTH', 84, array['daily-life','travel'], true),
  ('71000000-0000-4000-8000-000000000074', 'abonnement', 'subscription / pass', 'Un abonnement mensuel coute moins cher a long terme.', 'A monthly pass costs less in the long run.', 'B1', 'DAILY_LIFE', 'BOTH', 80, array['daily-life','finance'], true),
  ('71000000-0000-4000-8000-000000000075', 'permis', 'permit / license', 'Le permis de travail expire en septembre.', 'The work permit expires in September.', 'B1', 'IMMIGRATION', 'BOTH', 89, array['immigration','admin'], true),
  ('71000000-0000-4000-8000-000000000076', 'formulaire', 'form', 'Le formulaire peut etre telecharge depuis votre espace en ligne.', 'The form can be downloaded from your online account.', 'A2', 'ADMINISTRATION', 'BOTH', 90, array['admin','immigration'], true),
  ('71000000-0000-4000-8000-000000000077', 'justificatif', 'supporting document', 'Ajoutez un justificatif de revenu a votre demande.', 'Add proof of income to your application.', 'B1', 'ADMINISTRATION', 'BOTH', 85, array['admin','formal'], true),
  ('71000000-0000-4000-8000-000000000078', 'foyer', 'household / home', 'Ce programme aide les foyers a faible revenu.', 'This program helps low-income households.', 'B1_PLUS', 'HOUSING', 'BOTH', 70, array['housing','social'], true),
  ('71000000-0000-4000-8000-000000000079', 'revenu', 'income', 'Le revenu minimum est indique dans l annonce.', 'The minimum income is indicated in the listing.', 'A2', 'HOUSING', 'BOTH', 82, array['finance','housing'], true),
  ('71000000-0000-4000-8000-000000000080', 'economie', 'savings / economy', 'Il fait des economies pour payer sa formation.', 'He is saving money to pay for his training.', 'A2', 'EDUCATION', 'BOTH', 74, array['finance','daily-life'], true),
  ('71000000-0000-4000-8000-000000000081', 'budget', 'budget', 'Notre budget mensuel doit rester realiste.', 'Our monthly budget must remain realistic.', 'A2', 'DAILY_LIFE', 'BOTH', 90, array['finance','daily-life'], true),
  ('71000000-0000-4000-8000-000000000082', 'epargne', 'savings', 'Cette epargne servira a payer le depot initial.', 'These savings will be used to pay the initial deposit.', 'B1', 'HOUSING', 'BOTH', 76, array['finance','housing'], true),
  ('71000000-0000-4000-8000-000000000083', 'depot', 'deposit', 'Le depot peut etre verse par virement bancaire.', 'The deposit can be paid by bank transfer.', 'A2', 'HOUSING', 'BOTH', 78, array['housing','finance'], true),
  ('71000000-0000-4000-8000-000000000084', 'reclamation', 'complaint', 'Une reclamation ecrite accelere souvent le traitement.', 'A written complaint often speeds up processing.', 'B2', 'ADMINISTRATION', 'BOTH', 66, array['admin','formal'], true),
  ('71000000-0000-4000-8000-000000000085', 'signaler', 'to report', 'Il faut signaler tout changement d adresse.', 'You must report any change of address.', 'B1', 'ADMINISTRATION', 'BOTH', 79, array['admin','verb'], true),
  ('71000000-0000-4000-8000-000000000086', 'convenir', 'to suit / to agree', 'Cet horaire me convient parfaitement.', 'This schedule suits me perfectly.', 'B1', 'WORK', 'BOTH', 77, array['work','verb'], true),
  ('71000000-0000-4000-8000-000000000087', 'reussir', 'to succeed', 'Pour reussir l oral, il faut structurer ses idees.', 'To succeed in the oral exam, you need to structure your ideas.', 'A2', 'EDUCATION', 'BOTH', 91, array['education','verb'], true),
  ('71000000-0000-4000-8000-000000000088', 'progresser', 'to improve', 'Elle progresse vite grace a une pratique quotidienne.', 'She improves quickly thanks to daily practice.', 'A2', 'EDUCATION', 'BOTH', 85, array['education','verb'], true),
  ('71000000-0000-4000-8000-000000000089', 'accueillir', 'to welcome', 'Le centre accueille les nouveaux arrivants chaque lundi.', 'The center welcomes newcomers every Monday.', 'B1', 'IMMIGRATION', 'BOTH', 78, array['immigration','verb'], true),
  ('71000000-0000-4000-8000-000000000090', 's adapter', 'to adapt', 'Il faut du temps pour s adapter a un nouveau rythme.', 'It takes time to adapt to a new pace.', 'B1', 'IMMIGRATION', 'BOTH', 80, array['immigration','verb'], true),
  ('71000000-0000-4000-8000-000000000091', 'logement', 'housing / accommodation', 'Le logement est proche de l ecole et de l epicerie.', 'The accommodation is close to the school and grocery store.', 'A2', 'HOUSING', 'BOTH', 92, array['housing','daily-life'], true),
  ('71000000-0000-4000-8000-000000000092', 'colocation', 'shared apartment', 'La colocation permet de reduire les depenses mensuelles.', 'Sharing an apartment helps reduce monthly expenses.', 'B1', 'HOUSING', 'BOTH', 77, array['housing','daily-life'], true),
  ('71000000-0000-4000-8000-000000000093', 'quartier', 'district / neighborhood', 'Le quartier compte plusieurs services de proximite.', 'The neighborhood has several local services.', 'A2', 'HOUSING', 'BOTH', 88, array['housing','daily-life'], true),
  ('71000000-0000-4000-8000-000000000094', 'employeur', 'employer', 'Votre employeur peut fournir une lettre de reference.', 'Your employer can provide a reference letter.', 'B1', 'WORK', 'BOTH', 84, array['work','formal'], true),
  ('71000000-0000-4000-8000-000000000095', 'collegue', 'colleague', 'Une collegue m a aide a comprendre les consignes.', 'A colleague helped me understand the instructions.', 'A2', 'WORK', 'BOTH', 82, array['work','daily-life'], true),
  ('71000000-0000-4000-8000-000000000096', 'tache', 'task', 'Chaque tache doit etre terminee avant midi.', 'Each task must be completed before noon.', 'A2', 'WORK', 'BOTH', 83, array['work','daily-life'], true),
  ('71000000-0000-4000-8000-000000000097', 'consigne', 'instruction', 'Lis bien la consigne avant de repondre.', 'Read the instruction carefully before answering.', 'A2', 'EDUCATION', 'BOTH', 87, array['education','exam'], true),
  ('71000000-0000-4000-8000-000000000098', 'urgence', 'emergency', 'En cas d urgence, composez le numero indique.', 'In case of emergency, dial the listed number.', 'A2', 'HEALTH', 'BOTH', 84, array['health','daily-life'], true),
  ('71000000-0000-4000-8000-000000000099', 'pharmacie', 'pharmacy', 'La pharmacie de garde ferme a vingt-trois heures.', 'The on-duty pharmacy closes at 11 p.m.', 'A2', 'HEALTH', 'BOTH', 83, array['health','daily-life'], true),
  ('71000000-0000-4000-8000-000000000100', 'banque', 'bank', 'La banque demande une piece d identite valide.', 'The bank asks for a valid ID document.', 'A2', 'ADMINISTRATION', 'BOTH', 86, array['finance','admin'], true)
on conflict (id) do update set
  french_word = excluded.french_word,
  english_meaning = excluded.english_meaning,
  french_example = excluded.french_example,
  english_example_translation = excluded.english_example_translation,
  cefr_level = excluded.cefr_level,
  topic = excluded.topic,
  exam_type = excluded.exam_type,
  frequency_score = excluded.frequency_score,
  tags = excluded.tags,
  is_published = excluded.is_published,
  updated_at = now();

insert into public.passages (
  id,
  title,
  content,
  transcript,
  audio_url,
  type,
  skill,
  exam_type,
  cefr_level,
  topic,
  word_count,
  estimated_minutes,
  highlighted_vocabulary,
  is_published
)
values
  ('72000000-0000-4000-8000-000000000001', 'Une arrivee bien preparee a Montreal', 'Nadia arrive a Montreal dans deux semaines. Pour eviter le stress, elle a deja prepare une liste simple: confirmer son logement temporaire, imprimer ses documents, ouvrir un compte bancaire et visiter un centre d accueil francophone. Elle sait pourtant que les premieres demarches prendront du temps. En revanche, elle prefere avancer pas a pas plutot que tout faire en urgence.', null, null, 'reading', 'READING', 'BOTH', 'B1', 'IMMIGRATION', 61, 4, array['demarche','accueillir','pourtant'], true),
  ('72000000-0000-4000-8000-000000000002', 'Chercher un appartement sans se precipiter', 'Youssef visite trois appartements dans le meme quartier. Le premier est lumineux mais trop cher. Le deuxieme est moins grand, cependant il est proche du metro et du supermarche. Le troisieme semble ideal, mais le proprietaire demande plusieurs justificatifs de revenu. Finalement, Youssef comprend qu il doit comparer le loyer, le transport et les conditions du bail avant de prendre une decision.', null, null, 'reading', 'READING', 'BOTH', 'B1_PLUS', 'HOUSING', 68, 4, array['loyer','bail','justificatif'], true),
  ('72000000-0000-4000-8000-000000000003', 'Un entretien d embauche plus humain', 'Sophie postule a un poste administratif. Avant son entretien, elle relit l annonce, prepare deux exemples concrets et repete une courte presentation. Pendant la rencontre, l employeur insiste moins sur les diplomes que sur l organisation, la ponctualite et la capacite a travailler en equipe. Ainsi, Sophie realise qu une bonne preparation orale peut rassurer autant qu un cv bien ecrit.', null, null, 'reading', 'READING', 'TEF_CANADA', 'B1_PLUS', 'WORK', 64, 4, array['entretien','employeur','ainsi'], true),
  ('72000000-0000-4000-8000-000000000004', 'Prendre soin de sa sante au quotidien', 'Beaucoup de nouveaux arrivants repoussent leurs rendez-vous medicaux par manque de temps. Pourtant, une consultation precoce permet souvent d eviter un probleme plus serieux. Dans cette clinique de quartier, les patients peuvent reserver en ligne, recevoir un rappel par texto et parler a une infirmiere avant la visite. En somme, le systeme semble plus simple quand on connait les bonnes etapes.', null, null, 'reading', 'READING', 'BOTH', 'B1', 'HEALTH', 63, 4, array['rendez-vous','assurance','en somme'], true),
  ('72000000-0000-4000-8000-000000000005', 'Apprendre le francais avec regularite', 'Pour progresser en francais, Karim a choisi une methode sobre: vingt minutes de vocabulaire le matin, un texte court a midi et une activite orale le soir. Cette routine ne parait pas spectaculaire, mais elle reste durable. De plus, il note ses erreurs les plus frequentes dans un carnet. Apres deux mois, il comprend mieux les consignes d examen et ose parler plus facilement au travail.', null, null, 'reading', 'READING', 'BOTH', 'B1', 'EDUCATION', 64, 4, array['progresser','consigne','de plus'], true)
on conflict (id) do update set
  title = excluded.title,
  content = excluded.content,
  transcript = excluded.transcript,
  audio_url = excluded.audio_url,
  type = excluded.type,
  skill = excluded.skill,
  exam_type = excluded.exam_type,
  cefr_level = excluded.cefr_level,
  topic = excluded.topic,
  word_count = excluded.word_count,
  estimated_minutes = excluded.estimated_minutes,
  highlighted_vocabulary = excluded.highlighted_vocabulary,
  is_published = excluded.is_published,
  updated_at = now();

insert into public.questions (
  id,
  passage_id,
  exam_type,
  skill,
  skill_type,
  cefr_level,
  topic,
  trap_type,
  difficulty,
  question_text,
  option_a,
  option_b,
  option_c,
  option_d,
  correct_option,
  options,
  correct_answer_index,
  explanation,
  transcript,
  audio_url,
  tags,
  is_published
)
values
  ('73000000-0000-4000-8000-000000000001', '72000000-0000-4000-8000-000000000001', 'BOTH', 'READING', 'READING', 'B1', 'IMMIGRATION', null, 'medium', 'Quelle action Nadia a-t-elle deja faite avant son arrivee ?', 'Elle a prepare une liste de demarches', 'Elle a deja trouve un emploi permanent', 'Elle a passe l examen officiel', 'Elle a demenage tous ses meubles', 'A', '["Elle a prepare une liste de demarches","Elle a deja trouve un emploi permanent","Elle a passe l examen officiel","Elle a demenage tous ses meubles"]'::jsonb, 0, 'Le passage dit clairement qu elle a deja prepare une liste simple pour son arrivee.', null, null, array['reading','immigration'], true),
  ('73000000-0000-4000-8000-000000000002', '72000000-0000-4000-8000-000000000001', 'BOTH', 'READING', 'READING', 'B1', 'IMMIGRATION', 'CONTRAST_MARKER', 'medium', 'Que souligne l expression "En revanche" dans le passage ?', 'Une opposition entre deux strategies', 'Une date importante', 'Une definition de banque', 'Une information sur le climat', 'A', '["Une opposition entre deux strategies","Une date importante","Une definition de banque","Une information sur le climat"]'::jsonb, 0, 'Le texte oppose le stress des demarches et l idee d avancer pas a pas.', null, null, array['reading','connector'], true),
  ('73000000-0000-4000-8000-000000000003', '72000000-0000-4000-8000-000000000001', 'BOTH', 'READING', 'READING', 'B1', 'IMMIGRATION', 'IMPLICIT_MEANING', 'easy', 'Pourquoi Nadia veut-elle avancer pas a pas ?', 'Pour reduire le stress', 'Pour depenser plus d argent', 'Pour retarder son arrivee', 'Pour eviter le centre d accueil', 'A', '["Pour reduire le stress","Pour depenser plus d argent","Pour retarder son arrivee","Pour eviter le centre d accueil"]'::jsonb, 0, 'Sa methode sert a mieux gerer les premieres demarches.', null, null, array['reading','inference'], true),
  ('73000000-0000-4000-8000-000000000004', '72000000-0000-4000-8000-000000000001', 'BOTH', 'READING', 'READING', 'B1', 'IMMIGRATION', null, 'easy', 'Quel service peut aider Nadia a son arrivee ?', 'Un centre d accueil francophone', 'Une pharmacie de garde', 'Une auto-ecole', 'Un service postal prive', 'A', '["Un centre d accueil francophone","Une pharmacie de garde","Une auto-ecole","Un service postal prive"]'::jsonb, 0, 'Le texte mentionne explicitement la visite d un centre d accueil francophone.', null, null, array['reading','detail'], true),
  ('73000000-0000-4000-8000-000000000005', '72000000-0000-4000-8000-000000000002', 'BOTH', 'READING', 'READING', 'B1_PLUS', 'HOUSING', null, 'medium', 'Pourquoi Youssef hesite-t-il entre plusieurs appartements ?', 'Parce qu il compare plusieurs criteres', 'Parce qu il refuse de vivre en ville', 'Parce qu il veut acheter une maison', 'Parce qu aucun logement n est visite', 'A', '["Parce qu il compare plusieurs criteres","Parce qu il refuse de vivre en ville","Parce qu il veut acheter une maison","Parce qu aucun logement n est visite"]'::jsonb, 0, 'Le passage mentionne le prix, la taille, le metro et les justificatifs.', null, null, array['reading','housing'], true),
  ('73000000-0000-4000-8000-000000000006', '72000000-0000-4000-8000-000000000002', 'BOTH', 'READING', 'READING', 'B1_PLUS', 'HOUSING', 'CONTRAST_MARKER', 'medium', 'Quel avantage du deuxieme appartement est mis en avant apres "cependant" ?', 'Sa proximite avec le metro', 'Son prix plus eleve', 'Son bail plus long', 'Son absence de voisins', 'A', '["Sa proximite avec le metro","Son prix plus eleve","Son bail plus long","Son absence de voisins"]'::jsonb, 0, 'Le marqueur "cependant" introduit l avantage pratique du deuxieme logement.', null, null, array['reading','connector'], true),
  ('73000000-0000-4000-8000-000000000007', '72000000-0000-4000-8000-000000000002', 'BOTH', 'READING', 'READING', 'B1_PLUS', 'HOUSING', 'IMPLICIT_MEANING', 'hard', 'Que comprend Youssef a la fin du passage ?', 'Il doit prendre une decision reflechie', 'Il doit accepter le logement le plus grand', 'Il doit eviter tout quartier central', 'Il doit payer sans poser de questions', 'A', '["Il doit prendre une decision reflechie","Il doit accepter le logement le plus grand","Il doit eviter tout quartier central","Il doit payer sans poser de questions"]'::jsonb, 0, 'La phrase finale montre qu il veut comparer plusieurs elements avant de choisir.', null, null, array['reading','inference'], true),
  ('73000000-0000-4000-8000-000000000008', '72000000-0000-4000-8000-000000000002', 'BOTH', 'READING', 'READING', 'B1_PLUS', 'HOUSING', null, 'easy', 'Que demande le proprietaire du troisieme appartement ?', 'Des justificatifs de revenu', 'Une lettre de medecin', 'Un resultat d examen', 'Une preuve d embauche immediate', 'A', '["Des justificatifs de revenu","Une lettre de medecin","Un resultat d examen","Une preuve d embauche immediate"]'::jsonb, 0, 'Le texte indique que le proprietaire demande plusieurs justificatifs de revenu.', null, null, array['reading','detail'], true),
  ('73000000-0000-4000-8000-000000000009', '72000000-0000-4000-8000-000000000003', 'TEF_CANADA', 'READING', 'READING', 'B1_PLUS', 'WORK', null, 'medium', 'Sur quoi l employeur insiste-t-il pendant l entretien ?', 'L organisation et le travail en equipe', 'Le nombre exact de diplomes', 'La ville d origine du candidat', 'Le prix du transport', 'A', '["L organisation et le travail en equipe","Le nombre exact de diplomes","La ville d origine du candidat","Le prix du transport"]'::jsonb, 0, 'Le passage met l accent sur des qualites professionnelles concretes.', null, null, array['reading','work'], true),
  ('73000000-0000-4000-8000-000000000010', '72000000-0000-4000-8000-000000000003', 'TEF_CANADA', 'READING', 'READING', 'B1_PLUS', 'WORK', 'IMPLICIT_MEANING', 'medium', 'Pourquoi Sophie prepare-t-elle une courte presentation ?', 'Pour parler avec assurance', 'Pour remplacer son cv', 'Pour eviter les questions', 'Pour reduire la duree de l entretien', 'A', '["Pour parler avec assurance","Pour remplacer son cv","Pour eviter les questions","Pour reduire la duree de l entretien"]'::jsonb, 0, 'Cette preparation orale sert a mieux gerer l entretien.', null, null, array['reading','inference'], true),
  ('73000000-0000-4000-8000-000000000011', '72000000-0000-4000-8000-000000000003', 'TEF_CANADA', 'READING', 'READING', 'B1_PLUS', 'WORK', null, 'easy', 'Que prepare Sophie avant la rencontre ?', 'Deux exemples concrets', 'Une demande de logement', 'Un certificat medical', 'Un billet de train', 'A', '["Deux exemples concrets","Une demande de logement","Un certificat medical","Un billet de train"]'::jsonb, 0, 'Le texte le dit clairement dans la deuxieme phrase.', null, null, array['reading','detail'], true),
  ('73000000-0000-4000-8000-000000000012', '72000000-0000-4000-8000-000000000003', 'TEF_CANADA', 'READING', 'READING', 'B1_PLUS', 'WORK', 'CONTRAST_MARKER', 'medium', 'Que signifie "Ainsi" dans la conclusion ?', 'Une consequence de ce que Sophie a observe', 'Une date de convocation', 'Une negation importante', 'Une correction de prix', 'A', '["Une consequence de ce que Sophie a observe","Une date de convocation","Une negation importante","Une correction de prix"]'::jsonb, 0, 'Le mot introduit la conclusion tiree de l entretien.', null, null, array['reading','connector'], true),
  ('73000000-0000-4000-8000-000000000013', '72000000-0000-4000-8000-000000000004', 'BOTH', 'READING', 'READING', 'B1', 'HEALTH', 'CONTRAST_MARKER', 'medium', 'Quel contraste le passage presente-t-il ?', 'Les patients manquent de temps mais une visite precoce aide', 'La clinique est ouverte puis fermee le meme jour', 'Les medecins refusent les rendez-vous en ligne', 'Les patients preferent toujours attendre', 'A', '["Les patients manquent de temps mais une visite precoce aide","La clinique est ouverte puis fermee le meme jour","Les medecins refusent les rendez-vous en ligne","Les patients preferent toujours attendre"]'::jsonb, 0, 'Le connecteur "Pourtant" oppose le manque de temps et l utilite d une consultation rapide.', null, null, array['reading','health'], true),
  ('73000000-0000-4000-8000-000000000014', '72000000-0000-4000-8000-000000000004', 'BOTH', 'READING', 'READING', 'B1', 'HEALTH', null, 'easy', 'Quel outil aide les patients a ne pas oublier leur visite ?', 'Un rappel par texto', 'Une affiche dans le metro', 'Un podcast medical', 'Un message vocal automatique', 'A', '["Un rappel par texto","Une affiche dans le metro","Un podcast medical","Un message vocal automatique"]'::jsonb, 0, 'Le passage mentionne explicitement le rappel par texto.', null, null, array['reading','detail'], true),
  ('73000000-0000-4000-8000-000000000015', '72000000-0000-4000-8000-000000000004', 'BOTH', 'READING', 'READING', 'B1', 'HEALTH', 'IMPLICIT_MEANING', 'medium', 'Que veut dire la phrase finale du passage ?', 'Le systeme devient plus clair quand on connait les etapes', 'Le systeme est impossible a comprendre', 'Le systeme remplace toutes les consultations', 'Le systeme est reserve aux enfants', 'A', '["Le systeme devient plus clair quand on connait les etapes","Le systeme est impossible a comprendre","Le systeme remplace toutes les consultations","Le systeme est reserve aux enfants"]'::jsonb, 0, 'La conclusion insiste sur la connaissance du processus.', null, null, array['reading','inference'], true),
  ('73000000-0000-4000-8000-000000000016', '72000000-0000-4000-8000-000000000004', 'BOTH', 'READING', 'READING', 'B1', 'HEALTH', null, 'easy', 'Qui peut parler au patient avant la visite ?', 'Une infirmiere', 'Un voisin', 'Un proprietaire', 'Un examinateur', 'A', '["Une infirmiere","Un voisin","Un proprietaire","Un examinateur"]'::jsonb, 0, 'Le texte le precise dans la description de la clinique.', null, null, array['reading','detail'], true),
  ('73000000-0000-4000-8000-000000000017', '72000000-0000-4000-8000-000000000005', 'BOTH', 'READING', 'READING', 'B1', 'EDUCATION', null, 'medium', 'Quelle routine Karim suit-il le matin ?', 'Du vocabulaire pendant vingt minutes', 'Un long cours de grammaire de deux heures', 'Une simulation orale complete', 'Une reunion avec un professeur', 'A', '["Du vocabulaire pendant vingt minutes","Un long cours de grammaire de deux heures","Une simulation orale complete","Une reunion avec un professeur"]'::jsonb, 0, 'La routine matinale est decrite precisement dans le passage.', null, null, array['reading','education'], true),
  ('73000000-0000-4000-8000-000000000018', '72000000-0000-4000-8000-000000000005', 'BOTH', 'READING', 'READING', 'B1', 'EDUCATION', 'CONTRAST_MARKER', 'medium', 'Que montre "mais elle reste durable" ?', 'Une opposition entre simplicite et efficacite', 'Une date limite a respecter', 'Une erreur dans la routine', 'Un changement de sujet complet', 'A', '["Une opposition entre simplicite et efficacite","Une date limite a respecter","Une erreur dans la routine","Un changement de sujet complet"]'::jsonb, 0, 'Le texte oppose une methode peu spectaculaire a sa durabilite.', null, null, array['reading','connector'], true),
  ('73000000-0000-4000-8000-000000000019', '72000000-0000-4000-8000-000000000005', 'BOTH', 'READING', 'READING', 'B1', 'EDUCATION', null, 'easy', 'Que note Karim dans un carnet ?', 'Ses erreurs frequentes', 'Les adresses des cliniques', 'Les annonces immobilieres', 'Les prix du metro', 'A', '["Ses erreurs frequentes","Les adresses des cliniques","Les annonces immobilieres","Les prix du metro"]'::jsonb, 0, 'Le passage dit qu il note ses erreurs les plus frequentes.', null, null, array['reading','detail'], true),
  ('73000000-0000-4000-8000-000000000020', '72000000-0000-4000-8000-000000000005', 'BOTH', 'READING', 'READING', 'B1', 'EDUCATION', 'IMPLICIT_MEANING', 'medium', 'Quel resultat Karim observe-t-il apres deux mois ?', 'Il comprend mieux et parle plus facilement', 'Il decide d arreter tout exercice oral', 'Il change de langue de travail', 'Il annule son inscription a l examen', 'A', '["Il comprend mieux et parle plus facilement","Il decide d arreter tout exercice oral","Il change de langue de travail","Il annule son inscription a l examen"]'::jsonb, 0, 'La derniere phrase precise les progres observes.', null, null, array['reading','inference'], true),
  ('73000000-0000-4000-8000-000000000021', null, 'BOTH', 'LISTENING', 'LISTENING', 'B1', 'WORK', 'NEGATION', 'medium', 'La reunion n a pas ete annulee. Que se passe-t-il ?', 'Elle est reportee', 'Elle disparait du calendrier', 'Elle commence plus tot', 'Elle devient facultative', 'A', '["Elle est reportee","Elle disparait du calendrier","Elle commence plus tot","Elle devient facultative"]'::jsonb, 0, 'Le locuteur precise que la reunion continue mais a une autre date.', 'La reunion n a pas ete annulee; elle a ete reportee a lundi prochain.', null, array['listening','negation'], true),
  ('73000000-0000-4000-8000-000000000022', null, 'BOTH', 'LISTENING', 'LISTENING', 'B1', 'DAILY_LIFE', 'NUMBER_DATE', 'medium', 'Quelle heure faut-il retenir a la fin ?', '15 h 30', '14 h 30', '14 h 15', '16 h 00', 'A', '["15 h 30","14 h 30","14 h 15","16 h 00"]'::jsonb, 0, 'Le locuteur corrige le premier horaire et confirme finalement 15 h 30.', 'Au debut il parle de 14 h 30, puis il corrige: finalement, ce sera a 15 h 30.', null, array['listening','numbers'], true),
  ('73000000-0000-4000-8000-000000000023', null, 'TCF_CANADA', 'LISTENING', 'LISTENING', 'B2', 'OPINION', 'CONTRAST_MARKER', 'hard', 'Quelle opinion entend-on sur le nouveau reglement ?', 'Une approbation nuancee', 'Un rejet total', 'Une absence d opinion', 'Une forte colere', 'A', '["Une approbation nuancee","Un rejet total","Une absence d opinion","Une forte colere"]'::jsonb, 0, 'La structure concessive montre une position favorable mais prudente.', 'Certes, le reglement est utile, mais il faudra quelques ajustements.', null, array['listening','contrast'], true),
  ('73000000-0000-4000-8000-000000000024', null, 'BOTH', 'LISTENING', 'LISTENING', 'B1', 'HOUSING', 'NUMBER_DATE', 'medium', 'Quel prix faut-il retenir ?', '39 dollars', '29 dollars', '49 dollars', '59 dollars', 'A', '["39 dollars","29 dollars","49 dollars","59 dollars"]'::jsonb, 0, 'Le locuteur corrige le premier prix mentionne.', 'Le studio est a 39 dollars par nuit, pas 29 comme je l ai dit au debut.', null, array['listening','price'], true),
  ('73000000-0000-4000-8000-000000000025', null, 'BOTH', 'LISTENING', 'LISTENING', 'B2', 'OPINION', 'CONTRAST_MARKER', 'medium', 'Que signifie "certes... mais" dans cet extrait ?', 'Une concession suivie d une reserve', 'Une negation totale', 'Un ordre direct', 'Une liste d avantages', 'A', '["Une concession suivie d une reserve","Une negation totale","Un ordre direct","Une liste d avantages"]'::jsonb, 0, 'Cette structure annonce une idee positive puis une limite.', 'Certes, le quartier est central, mais le loyer reste assez eleve pour un etudiant.', null, array['listening','connector'], true),
  ('73000000-0000-4000-8000-000000000026', null, 'BOTH', 'LISTENING', 'LISTENING', 'B1', 'HEALTH', 'NEGATION', 'medium', 'Que faut-il faire avant la prise de sang ?', 'Ne rien manger', 'Boire beaucoup de cafe', 'Arriver avec dix minutes de retard', 'Revenir une semaine plus tard', 'A', '["Ne rien manger","Boire beaucoup de cafe","Arriver avec dix minutes de retard","Revenir une semaine plus tard"]'::jsonb, 0, 'Le message insiste sur le fait qu il ne faut rien manger avant l examen.', 'N oubliez pas: avant la prise de sang, il ne faut rien manger pendant huit heures.', null, array['listening','negation'], true),
  ('73000000-0000-4000-8000-000000000027', null, 'TEF_CANADA', 'LISTENING', 'LISTENING', 'B1', 'WORK', 'NUMBER_DATE', 'medium', 'Quand le candidat doit-il rappeler ?', 'Vendredi avant midi', 'Jeudi apres-midi', 'Vendredi apres seize heures', 'Lundi matin', 'A', '["Vendredi avant midi","Jeudi apres-midi","Vendredi apres seize heures","Lundi matin"]'::jsonb, 0, 'La date finale est precisee apres une correction orale.', 'Je m excuse, je me suis trompe: ne rappelez pas jeudi, mais vendredi avant midi.', null, array['listening','date'], true),
  ('73000000-0000-4000-8000-000000000028', null, 'BOTH', 'LISTENING', 'LISTENING', 'B1', 'ADMINISTRATION', 'NEGATION', 'medium', 'Le document n est pas encore pret. Que doit faire la personne ?', 'Attendre le courriel de confirmation', 'Venir tout de suite au guichet', 'Payer une deuxieme fois', 'Remplir un nouveau formulaire different', 'A', '["Attendre le courriel de confirmation","Venir tout de suite au guichet","Payer une deuxieme fois","Remplir un nouveau formulaire different"]'::jsonb, 0, 'La negation indique que le document reste en preparation.', 'Le document n est pas encore pret; nous vous enverrons un courriel de confirmation demain.', null, array['listening','negation'], true),
  ('73000000-0000-4000-8000-000000000029', null, 'BOTH', 'LISTENING', 'LISTENING', 'B1', 'DAILY_LIFE', 'NUMBER_DATE', 'medium', 'Combien de stations faut-il compter ?', 'Douze', 'Deux', 'Vingt-deux', 'Dix-sept', 'A', '["Douze","Deux","Vingt-deux","Dix-sept"]'::jsonb, 0, 'Le locuteur passe de deux changements a douze stations au total.', 'Il y a seulement deux changements, mais au total vous traverserez douze stations.', null, array['listening','number'], true),
  ('73000000-0000-4000-8000-000000000030', null, 'BOTH', 'LISTENING', 'LISTENING', 'B1', 'HOUSING', 'DOUBLE_NEGATIVE', 'hard', 'Que comprend-on de l appartement ?', 'Il n est ni meuble ni chauffe', 'Il est luxueux et tres grand', 'Il est deja reserve', 'Il se trouve au rez-de-chaussee', 'A', '["Il n est ni meuble ni chauffe","Il est luxueux et tres grand","Il est deja reserve","Il se trouve au rez-de-chaussee"]'::jsonb, 0, 'La structure "ni...ni" indique l absence de deux caracteristiques.', 'Attention, l appartement n est ni meuble ni chauffe; il faut tout prevoir.', null, array['listening','double-negative'], true),
  ('73000000-0000-4000-8000-000000000031', null, 'TCF_CANADA', 'LISTENING', 'LISTENING', 'B2', 'OPINION', 'IMPLICIT_MEANING', 'hard', 'Quelle attitude ressort de cet extrait ?', 'Une prudence optimiste', 'Une satisfaction totale', 'Une opposition violente', 'Une indifference complete', 'A', '["Une prudence optimiste","Une satisfaction totale","Une opposition violente","Une indifference complete"]'::jsonb, 0, 'Le locuteur voit un progres mais garde des reserves.', 'Je reconnais les progres, pourtant il faudra observer les resultats sur plusieurs mois.', null, array['listening','implicit'], true),
  ('73000000-0000-4000-8000-000000000032', null, 'BOTH', 'LISTENING', 'LISTENING', 'B1', 'WORK', 'NUMBER_DATE', 'medium', 'Quelle date est finalement retenue pour la formation ?', 'Le 18 mai', 'Le 8 mai', 'Le 28 mai', 'Le 15 juin', 'A', '["Le 18 mai","Le 8 mai","Le 28 mai","Le 15 juin"]'::jsonb, 0, 'La date initiale est rectifiee par la personne qui parle.', 'Ce n est pas le 8 mai, excusez-moi: la formation debutera le 18 mai.', null, array['listening','date'], true),
  ('73000000-0000-4000-8000-000000000033', null, 'BOTH', 'LISTENING', 'LISTENING', 'B1', 'EDUCATION', 'NEGATION', 'medium', 'Que dit la professeure a propos de la production ecrite ?', 'Elle ne sera pas notee aujourd hui', 'Elle vaut deja cinquante points', 'Elle a ete supprimee du test', 'Elle doit etre rendue en anglais', 'A', '["Elle ne sera pas notee aujourd hui","Elle vaut deja cinquante points","Elle a ete supprimee du test","Elle doit etre rendue en anglais"]'::jsonb, 0, 'L element central est la negation "ne sera pas notee aujourd hui".', 'La production ecrite ne sera pas notee aujourd hui; nous vous donnerons seulement un retour rapide.', null, array['listening','negation'], true),
  ('73000000-0000-4000-8000-000000000034', null, 'BOTH', 'LISTENING', 'LISTENING', 'B1', 'IMMIGRATION', 'NUMBER_DATE', 'medium', 'Combien de semaines faut-il attendre apres l envoi ?', 'Environ dix', 'Exactement deux', 'Presque vingt', 'Moins d une', 'A', '["Environ dix","Exactement deux","Presque vingt","Moins d une"]'::jsonb, 0, 'Le mot "environ" accompagne le nombre final donne a l usager.', 'Apres l envoi du dossier, il faut attendre environ dix semaines avant la reponse.', null, array['listening','number'], true),
  ('73000000-0000-4000-8000-000000000035', null, 'TEF_CANADA', 'LISTENING', 'LISTENING', 'B1_PLUS', 'WORK', 'CONTRAST_MARKER', 'medium', 'Quel est le principal avantage du teletravail selon cet extrait ?', 'Le gain de temps', 'Le salaire plus eleve', 'La diminution des reunions', 'Le stationnement gratuit', 'A', '["Le gain de temps","Le salaire plus eleve","La diminution des reunions","Le stationnement gratuit"]'::jsonb, 0, 'Le locuteur mentionne un avantage avant d introduire des limites.', 'Le teletravail fait gagner du temps; en revanche, il demande une meilleure organisation.', null, array['listening','contrast'], true),
  ('73000000-0000-4000-8000-000000000036', null, 'BOTH', 'LISTENING', 'LISTENING', 'B1', 'DAILY_LIFE', 'NUMBER_DATE', 'medium', 'A quelle porte faut-il finalement se presenter ?', 'Porte 14', 'Porte 4', 'Porte 40', 'Porte 24', 'A', '["Porte 14","Porte 4","Porte 40","Porte 24"]'::jsonb, 0, 'Le premier numero est corrige oralement.', 'Ne vous presentez pas porte 4, mais bien porte 14 a partir de 17 heures.', null, array['listening','number'], true),
  ('73000000-0000-4000-8000-000000000037', null, 'BOTH', 'LISTENING', 'LISTENING', 'B1', 'HEALTH', 'NEGATION', 'medium', 'Que doit faire le patient si la douleur ne diminue pas ?', 'Rappeler la clinique', 'Augmenter seul la dose', 'Arreter tout traitement', 'Annuler le suivi', 'A', '["Rappeler la clinique","Augmenter seul la dose","Arreter tout traitement","Annuler le suivi"]'::jsonb, 0, 'La consigne conditionnelle est claire dans l enregistrement.', 'Si la douleur ne diminue pas d ici demain soir, rappelez la clinique sans attendre.', null, array['listening','negation'], true),
  ('73000000-0000-4000-8000-000000000038', null, 'BOTH', 'LISTENING', 'LISTENING', 'B1', 'ADMINISTRATION', 'IMPLICIT_MEANING', 'hard', 'Pourquoi l agent parle-t-il lentement ?', 'Pour que l usager note correctement les etapes', 'Parce qu il ne connait pas le dossier', 'Parce qu il est sur le point de fermer', 'Parce qu il lit un texte humoristique', 'A', '["Pour que l usager note correctement les etapes","Parce qu il ne connait pas le dossier","Parce qu il est sur le point de fermer","Parce qu il lit un texte humoristique"]'::jsonb, 0, 'Le contexte suggere qu il veut aider la personne a suivre les etapes.', 'Je vais reprendre lentement afin que vous puissiez noter chaque etape du processus.', null, array['listening','implicit'], true),
  ('73000000-0000-4000-8000-000000000039', null, 'BOTH', 'LISTENING', 'LISTENING', 'B1', 'EDUCATION', 'NUMBER_DATE', 'medium', 'Combien de minutes durera la pause ?', 'Quinze', 'Cinq', 'Vingt-cinq', 'Trente-cinq', 'A', '["Quinze","Cinq","Vingt-cinq","Trente-cinq"]'::jsonb, 0, 'Le chiffre final donne par l enseignant est quinze.', 'Nous prendrons une pause de quinze minutes, pas de cinq comme prevu au debut.', null, array['listening','number'], true),
  ('73000000-0000-4000-8000-000000000040', null, 'BOTH', 'LISTENING', 'LISTENING', 'B2', 'OPINION', 'CONTRAST_MARKER', 'hard', 'Quelle conclusion convient a cet extrait oral ?', 'Le locuteur soutient l idee avec des reserves', 'Le locuteur rejette toute discussion', 'Le locuteur donne uniquement des chiffres', 'Le locuteur change totalement de sujet', 'A', '["Le locuteur soutient l idee avec des reserves","Le locuteur rejette toute discussion","Le locuteur donne uniquement des chiffres","Le locuteur change totalement de sujet"]'::jsonb, 0, 'Le marqueur de contraste annonce une position nuancee.', 'Je suis favorable a cette mesure; toutefois, elle doit rester abordable pour les familles.', null, array['listening','contrast'], true)
on conflict (id) do update set
  passage_id = excluded.passage_id,
  exam_type = excluded.exam_type,
  skill = excluded.skill,
  skill_type = excluded.skill_type,
  cefr_level = excluded.cefr_level,
  topic = excluded.topic,
  trap_type = excluded.trap_type,
  difficulty = excluded.difficulty,
  question_text = excluded.question_text,
  option_a = excluded.option_a,
  option_b = excluded.option_b,
  option_c = excluded.option_c,
  option_d = excluded.option_d,
  correct_option = excluded.correct_option,
  options = excluded.options,
  correct_answer_index = excluded.correct_answer_index,
  explanation = excluded.explanation,
  transcript = excluded.transcript,
  audio_url = excluded.audio_url,
  tags = excluded.tags,
  is_published = excluded.is_published,
  updated_at = now();

insert into public.writing_prompts (
  id,
  exam_type,
  task_type,
  type,
  cefr_level,
  title,
  prompt_text,
  prompt,
  target_word_min,
  target_word_max,
  word_limit_min,
  word_limit_max,
  is_published
)
values
  ('74000000-0000-4000-8000-000000000001', 'TEF_CANADA', 'FORMAL_LETTER', 'FORMAL_LETTER', 'B1_PLUS', 'Demande de visite pour un logement', 'Vous venez d arriver au Canada. Ecrivez au proprietaire d un logement pour demander une visite et poser deux questions utiles.', 'Vous venez d arriver au Canada. Ecrivez au proprietaire d un logement pour demander une visite et poser deux questions utiles.', 120, 180, 120, 180, true),
  ('74000000-0000-4000-8000-000000000002', 'TEF_CANADA', 'EMAIL', 'EMAIL', 'B1_PLUS', 'Probleme avec un document administratif', 'Vous avez recu un document incomplet. Ecrivez un courriel pour expliquer le probleme et demander une solution rapide.', 'Vous avez recu un document incomplet. Ecrivez un courriel pour expliquer le probleme et demander une solution rapide.', 120, 190, 120, 190, true),
  ('74000000-0000-4000-8000-000000000003', 'TEF_CANADA', 'OPINION', 'OPINION', 'B2', 'Le teletravail doit-il rester une option ?', 'Exposez votre opinion sur le teletravail en donnant au moins deux arguments et un exemple concret.', 'Exposez votre opinion sur le teletravail en donnant au moins deux arguments et un exemple concret.', 180, 260, 180, 260, true),
  ('74000000-0000-4000-8000-000000000004', 'TCF_CANADA', 'ESSAY', 'ESSAY', 'B2', 'S installer dans une nouvelle ville', 'Pensez-vous qu il soit plus facile de s integrer dans une petite ville que dans une grande ville ? Justifiez votre reponse.', 'Pensez-vous qu il soit plus facile de s integrer dans une petite ville que dans une grande ville ? Justifiez votre reponse.', 180, 260, 180, 260, true),
  ('74000000-0000-4000-8000-000000000005', 'TCF_CANADA', 'EMAIL', 'EMAIL', 'B1_PLUS', 'Retard d inscription a une formation', 'Expliquez a votre centre de formation pourquoi votre inscription est incomplete et proposez une date pour la finaliser.', 'Expliquez a votre centre de formation pourquoi votre inscription est incomplete et proposez une date pour la finaliser.', 120, 180, 120, 180, true),
  ('74000000-0000-4000-8000-000000000006', 'BOTH', 'OPINION', 'OPINION', 'B2', 'Les services publics numeriques', 'Les services publics en ligne simplifient-ils vraiment la vie des citoyens ? Donnez une reponse nuancee.', 'Les services publics en ligne simplifient-ils vraiment la vie des citoyens ? Donnez une reponse nuancee.', 180, 260, 180, 260, true),
  ('74000000-0000-4000-8000-000000000007', 'BOTH', 'FORMAL_LETTER', 'FORMAL_LETTER', 'B1_PLUS', 'Reclamation sur une facture', 'Vous constatez une erreur sur une facture de transport. Ecrivez pour demander une correction et un remboursement.', 'Vous constatez une erreur sur une facture de transport. Ecrivez pour demander une correction et un remboursement.', 130, 190, 130, 190, true),
  ('74000000-0000-4000-8000-000000000008', 'BOTH', 'ESSAY', 'ESSAY', 'B2', 'L apprentissage du francais apres le travail', 'Peut-on progresser efficacement en francais avec de courtes sessions quotidiennes ? Argumentez.', 'Peut-on progresser efficacement en francais avec de courtes sessions quotidiennes ? Argumentez.', 170, 250, 170, 250, true),
  ('74000000-0000-4000-8000-000000000009', 'BOTH', 'EMAIL', 'EMAIL', 'B1_PLUS', 'Demande de rendez-vous medical', 'Ecrivez a une clinique pour demander un rendez-vous et preciser vos disponibilites.', 'Ecrivez a une clinique pour demander un rendez-vous et preciser vos disponibilites.', 110, 170, 110, 170, true),
  ('74000000-0000-4000-8000-000000000010', 'BOTH', 'OPINION', 'OPINION', 'B2', 'Les transports publics et la qualite de vie', 'Selon vous, investir dans les transports publics devrait-il etre une priorite ? Soutenez votre opinion.', 'Selon vous, investir dans les transports publics devrait-il etre une priorite ? Soutenez votre opinion.', 180, 260, 180, 260, true)
on conflict (id) do update set
  exam_type = excluded.exam_type,
  task_type = excluded.task_type,
  type = excluded.type,
  cefr_level = excluded.cefr_level,
  title = excluded.title,
  prompt_text = excluded.prompt_text,
  prompt = excluded.prompt,
  target_word_min = excluded.target_word_min,
  target_word_max = excluded.target_word_max,
  word_limit_min = excluded.word_limit_min,
  word_limit_max = excluded.word_limit_max,
  is_published = excluded.is_published,
  updated_at = now();

insert into public.speaking_prompts (
  id,
  exam_type,
  task_type,
  type,
  cefr_level,
  title,
  prompt_text,
  prompt,
  preparation_seconds,
  speaking_seconds,
  duration_seconds,
  is_published
)
values
  ('75000000-0000-4000-8000-000000000001', 'TEF_CANADA', 'MONOLOGUE', 'MONOLOGUE', 'B1_PLUS', 'Votre parcours professionnel', 'Presentez votre parcours professionnel et vos projets dans votre nouveau pays.', 'Presentez votre parcours professionnel et vos projets dans votre nouveau pays.', 30, 120, 120, true),
  ('75000000-0000-4000-8000-000000000002', 'TEF_CANADA', 'OPINION', 'OPINION', 'B2', 'Le teletravail et l equilibre personnel', 'Dites si le teletravail ameliore ou non l equilibre entre vie professionnelle et vie privee.', 'Dites si le teletravail ameliore ou non l equilibre entre vie professionnelle et vie privee.', 45, 180, 180, true),
  ('75000000-0000-4000-8000-000000000003', 'TCF_CANADA', 'DESCRIPTION', 'DESCRIPTION', 'B1', 'Votre quartier ideal', 'Decrivez le quartier ideal pour vivre quand on arrive dans une nouvelle ville.', 'Decrivez le quartier ideal pour vivre quand on arrive dans une nouvelle ville.', 30, 120, 120, true),
  ('75000000-0000-4000-8000-000000000004', 'TCF_CANADA', 'DEBATE', 'DEBATE', 'B2', 'Les services administratifs en ligne', 'Expliquez les avantages et les limites des services administratifs en ligne.', 'Expliquez les avantages et les limites des services administratifs en ligne.', 45, 180, 180, true),
  ('75000000-0000-4000-8000-000000000005', 'BOTH', 'MONOLOGUE', 'MONOLOGUE', 'B1_PLUS', 'Une experience d apprentissage utile', 'Racontez une experience ou vous avez appris quelque chose d important en peu de temps.', 'Racontez une experience ou vous avez appris quelque chose d important en peu de temps.', 30, 120, 120, true),
  ('75000000-0000-4000-8000-000000000006', 'BOTH', 'OPINION', 'OPINION', 'B2', 'Faut-il vivre pres du travail ?', 'Donnez votre opinion sur l idee de vivre pres de son lieu de travail.', 'Donnez votre opinion sur l idee de vivre pres de son lieu de travail.', 45, 180, 180, true),
  ('75000000-0000-4000-8000-000000000007', 'BOTH', 'DESCRIPTION', 'DESCRIPTION', 'B1', 'Votre routine d etude', 'Decrivez votre routine ideale pour progresser en francais chaque semaine.', 'Decrivez votre routine ideale pour progresser en francais chaque semaine.', 30, 120, 120, true),
  ('75000000-0000-4000-8000-000000000008', 'BOTH', 'DEBATE', 'DEBATE', 'B2', 'Les transports publics gratuits', 'Exposez votre point de vue sur la gratuite des transports publics.', 'Exposez votre point de vue sur la gratuite des transports publics.', 45, 180, 180, true),
  ('75000000-0000-4000-8000-000000000009', 'BOTH', 'MONOLOGUE', 'MONOLOGUE', 'B1_PLUS', 'Une demarche administrative difficile', 'Racontez une demarche administrative qui vous a demande de la patience.', 'Racontez une demarche administrative qui vous a demande de la patience.', 30, 120, 120, true),
  ('75000000-0000-4000-8000-000000000010', 'BOTH', 'OPINION', 'OPINION', 'B2', 'Les cours du soir pour adultes', 'Les cours du soir sont-ils la meilleure solution pour les adultes qui travaillent ? Justifiez.', 'Les cours du soir sont-ils la meilleure solution pour les adultes qui travaillent ? Justifiez.', 45, 180, 180, true)
on conflict (id) do update set
  exam_type = excluded.exam_type,
  task_type = excluded.task_type,
  type = excluded.type,
  cefr_level = excluded.cefr_level,
  title = excluded.title,
  prompt_text = excluded.prompt_text,
  prompt = excluded.prompt,
  preparation_seconds = excluded.preparation_seconds,
  speaking_seconds = excluded.speaking_seconds,
  duration_seconds = excluded.duration_seconds,
  is_published = excluded.is_published,
  updated_at = now();

insert into public.badges (
  id,
  code,
  name,
  description,
  icon,
  xp_reward,
  criteria,
  is_published
)
values
  ('76000000-0000-4000-8000-000000000001', 'connector-starter', 'Connector Starter', 'Master ten connector cards.', 'Link', 120, '{"deck":"CONNECTORS","target":10}'::jsonb, true),
  ('76000000-0000-4000-8000-000000000002', 'listening-trap-scout', 'Listening Trap Scout', 'Answer ten trap-based listening questions correctly.', 'Headphones', 180, '{"skill":"LISTENING","target":10}'::jsonb, true),
  ('76000000-0000-4000-8000-000000000003', 'housing-navigator', 'Housing Navigator', 'Complete the first housing practice set.', 'House', 90, '{"topic":"HOUSING","target":1}'::jsonb, true),
  ('76000000-0000-4000-8000-000000000004', 'steady-scribe', 'Steady Scribe', 'Submit three writing answers.', 'PenTool', 180, '{"writing_submissions":3}'::jsonb, true),
  ('76000000-0000-4000-8000-000000000005', 'speaking-builder', 'Speaking Builder', 'Submit three speaking responses.', 'Mic', 180, '{"speaking_submissions":3}'::jsonb, true),
  ('76000000-0000-4000-8000-000000000006', 'b2-trajectory', 'B2 Trajectory', 'Reach a readiness score of 68 or more.', 'Target', 250, '{"readiness_score":68}'::jsonb, true),
  ('76000000-0000-4000-8000-000000000007', 'consistency-week', 'Consistency Week', 'Maintain a seven-day streak.', 'CalendarDays', 220, '{"streak":7}'::jsonb, true),
  ('76000000-0000-4000-8000-000000000008', 'immigration-lexicon', 'Immigration Lexicon', 'Review twenty immigration and administration words.', 'Briefcase', 160, '{"topic":"IMMIGRATION","target":20}'::jsonb, true)
on conflict (id) do update set
  code = excluded.code,
  name = excluded.name,
  description = excluded.description,
  icon = excluded.icon,
  xp_reward = excluded.xp_reward,
  criteria = excluded.criteria,
  is_published = excluded.is_published,
  updated_at = now();
